first,second,A,B
bar,one,0.40429572027815297,1.562633284120915
bar,two,0.22818294786287555,1.1657861303687989
baz,one,0.376206110224899,0.5833401107268668
bazfoo,two,0.7480874264591146,0.9799170873287754
foo,one,-0.8712844700122311,0.5132840431401295
qux,two,1.5755875501796779,0.512777211103419
qux,one,-3.331210098721709,-0.855677659031927
